[
  {
    "InvoiceNumber": 0,
    "CreatedTime": "0",
    "StoreID": "STR1534",
    "PosID": "POS364",
    "CashierID": "OAS898",
    "CustomerType": "NONPRIME",
    "CustomerCardNo": "3006055636",
    "TotalAmount": 0,
    "NumberOfItems": 0,
    "PaymentMethod": "CASH",
    "TaxableAmount": 0,
    "CGST": 0,
    "SGST": 0,
    "CESS": 0,
    "DeliveryType": "HOME-DELIVERY"
  },
  {
    "InvoiceNumber": 0,
    "CreatedTime": "0",
    "StoreID": "STR1534",
    "PosID": "POS135",
    "CashierID": "OAS285",
    "CustomerType": "PRIME",
    "CustomerCardNo": "5582740626",
    "TotalAmount": 0,
    "NumberOfItems": 0,
    "PaymentMethod": "CARD",
    "TaxableAmount": 0,
    "CGST": 0,
    "SGST": 0,
    "CESS": 0,
    "DeliveryType": "TAKEAWAY"
  },
  {
    "InvoiceNumber": 0,
    "CreatedTime": "0",
    "StoreID": "STR1534",
    "PosID": "POS934",
    "CashierID": "OAS544",
    "CustomerType": "PRIME",
    "CustomerCardNo": "5525406429",
    "TotalAmount": 0,
    "NumberOfItems": 0,
    "PaymentMethod": "CASH",
    "TaxableAmount": 0,
    "CGST": 0,
    "SGST": 0,
    "CESS": 0,
    "DeliveryType": "TAKEAWAY"
  },
  {
    "InvoiceNumber": 0,
    "CreatedTime": "0",
    "StoreID": "STR1534",
    "PosID": "POS944",
    "CashierID": "OAS994",
    "CustomerType": "NONPRIME",
    "CustomerCardNo": "2968880358",
    "TotalAmount": 0,
    "NumberOfItems": 0,
    "PaymentMethod": "CASH",
    "TaxableAmount": 0,
    "CGST": 0,
    "SGST": 0,
    "CESS": 0,
    "DeliveryType": "HOME-DELIVERY"
  },
  {
    "InvoiceNumber": 0,
    "CreatedTime": "0",
    "StoreID": "STR1534",
    "PosID": "POS151",
    "CashierID": "OAS177",
    "CustomerType": "NONPRIME",
    "CustomerCardNo": "7061658033",
    "TotalAmount": 0,
    "NumberOfItems": 0,
    "PaymentMethod": "CASH",
    "TaxableAmount": 0,
    "CGST": 0,
    "SGST": 0,
    "CESS": 0,
    "DeliveryType": "HOME-DELIVERY"
  },
  {
    "InvoiceNumber": 0,
    "CreatedTime": "0",
    "StoreID": "STR1955",
    "PosID": "POS992",
    "CashierID": "OAS521",
    "CustomerType": "NONPRIME",
    "CustomerCardNo": "1482417862",
    "TotalAmount": 0,
    "NumberOfItems": 0,
    "PaymentMethod": "CASH",
    "TaxableAmount": 0,
    "CGST": 0,
    "SGST": 0,
    "CESS": 0,
    "DeliveryType": "TAKEAWAY"
  },
  {
    "InvoiceNumber": 0,
    "CreatedTime": "0",
    "StoreID": "STR1955",
    "PosID": "POS324",
    "CashierID": "OAS183",
    "CustomerType": "NONPRIME",
    "CustomerCardNo": "3916555911",
    "TotalAmount": 0,
    "NumberOfItems": 0,
    "PaymentMethod": "CASH",
    "TaxableAmount": 0,
    "CGST": 0,
    "SGST": 0,
    "CESS": 0,
    "DeliveryType": "HOME-DELIVERY"
  },
  {
    "InvoiceNumber": 0,
    "CreatedTime": "0",
    "StoreID": "STR1955",
    "PosID": "POS769",
    "CashierID": "OAS996",
    "CustomerType": "PRIME",
    "CustomerCardNo": "8154556937",
    "TotalAmount": 0,
    "NumberOfItems": 0,
    "PaymentMethod": "CARD",
    "TaxableAmount": 0,
    "CGST": 0,
    "SGST": 0,
    "CESS": 0,
    "DeliveryType": "HOME-DELIVERY"
  },
  {
    "InvoiceNumber": 0,
    "CreatedTime": "0",
    "StoreID": "STR1955",
    "PosID": "POS837",
    "CashierID": "OAS861",
    "CustomerType": "NONPRIME",
    "CustomerCardNo": "7136581152",
    "TotalAmount": 0,
    "NumberOfItems": 0,
    "PaymentMethod": "CASH",
    "TaxableAmount": 0,
    "CGST": 0,
    "SGST": 0,
    "CESS": 0,
    "DeliveryType": "HOME-DELIVERY"
  },
  {
    "InvoiceNumber": 0,
    "CreatedTime": "0",
    "StoreID": "STR1955",
    "PosID": "POS493",
    "CashierID": "OAS769",
    "CustomerType": "PRIME",
    "CustomerCardNo": "4405006483",
    "TotalAmount": 0,
    "NumberOfItems": 0,
    "PaymentMethod": "CARD",
    "TaxableAmount": 0,
    "CGST": 0,
    "SGST": 0,
    "CESS": 0,
    "DeliveryType": "TAKEAWAY"
  },
  {
    "InvoiceNumber": 0,
    "CreatedTime": "0",
    "StoreID": "STR2629",
    "PosID": "POS768",
    "CashierID": "OAS282",
    "CustomerType": "NONPRIME",
    "CustomerCardNo": "1360645962",
    "TotalAmount": 0,
    "NumberOfItems": 0,
    "PaymentMethod": "CARD",
    "TaxableAmount": 0,
    "CGST": 0,
    "SGST": 0,
    "CESS": 0,
    "DeliveryType": "HOME-DELIVERY"
  },
  {
    "InvoiceNumber": 0,
    "CreatedTime": "0",
    "StoreID": "STR2629",
    "PosID": "POS285",
    "CashierID": "OAS882",
    "CustomerType": "NONPRIME",
    "CustomerCardNo": "6419885098",
    "TotalAmount": 0,
    "NumberOfItems": 0,
    "PaymentMethod": "CASH",
    "TaxableAmount": 0,
    "CGST": 0,
    "SGST": 0,
    "CESS": 0,
    "DeliveryType": "TAKEAWAY"
  },
  {
    "InvoiceNumber": 0,
    "CreatedTime": "0",
    "StoreID": "STR2629",
    "PosID": "POS172",
    "CashierID": "OAS622",
    "CustomerType": "NONPRIME",
    "CustomerCardNo": "7829975914",
    "TotalAmount": 0,
    "NumberOfItems": 0,
    "PaymentMethod": "CASH",
    "TaxableAmount": 0,
    "CGST": 0,
    "SGST": 0,
    "CESS": 0,
    "DeliveryType": "HOME-DELIVERY"
  },
  {
    "InvoiceNumber": 0,
    "CreatedTime": "0",
    "StoreID": "STR2629",
    "PosID": "POS647",
    "CashierID": "OAS515",
    "CustomerType": "PRIME",
    "CustomerCardNo": "1053863739",
    "TotalAmount": 0,
    "NumberOfItems": 0,
    "PaymentMethod": "CASH",
    "TaxableAmount": 0,
    "CGST": 0,
    "SGST": 0,
    "CESS": 0,
    "DeliveryType": "TAKEAWAY"
  },
  {
    "InvoiceNumber": 0,
    "CreatedTime": "0",
    "StoreID": "STR2629",
    "PosID": "POS253",
    "CashierID": "OAS737",
    "CustomerType": "NONPRIME",
    "CustomerCardNo": "2461788838",
    "TotalAmount": 0,
    "NumberOfItems": 0,
    "PaymentMethod": "CARD",
    "TaxableAmount": 0,
    "CGST": 0,
    "SGST": 0,
    "CESS": 0,
    "DeliveryType": "HOME-DELIVERY"
  },
  {
    "InvoiceNumber": 0,
    "CreatedTime": "0",
    "StoreID": "STR2699",
    "PosID": "POS832",
    "CashierID": "OAS496",
    "CustomerType": "NONPRIME",
    "CustomerCardNo": "4552039054",
    "TotalAmount": 0,
    "NumberOfItems": 0,
    "PaymentMethod": "CASH",
    "TaxableAmount": 0,
    "CGST": 0,
    "SGST": 0,
    "CESS": 0,
    "DeliveryType": "HOME-DELIVERY"
  },
  {
    "InvoiceNumber": 0,
    "CreatedTime": "0",
    "StoreID": "STR2699",
    "PosID": "POS792",
    "CashierID": "OAS152",
    "CustomerType": "PRIME",
    "CustomerCardNo": "7475384243",
    "TotalAmount": 0,
    "NumberOfItems": 0,
    "PaymentMethod": "CASH",
    "TaxableAmount": 0,
    "CGST": 0,
    "SGST": 0,
    "CESS": 0,
    "DeliveryType": "HOME-DELIVERY"
  },
  {
    "InvoiceNumber": 0,
    "CreatedTime": "0",
    "StoreID": "STR2699",
    "PosID": "POS773",
    "CashierID": "OAS568",
    "CustomerType": "NONPRIME",
    "CustomerCardNo": "9327106277",
    "TotalAmount": 0,
    "NumberOfItems": 0,
    "PaymentMethod": "CASH",
    "TaxableAmount": 0,
    "CGST": 0,
    "SGST": 0,
    "CESS": 0,
    "DeliveryType": "TAKEAWAY"
  },
  {
    "InvoiceNumber": 0,
    "CreatedTime": "0",
    "StoreID": "STR2699",
    "PosID": "POS779",
    "CashierID": "OAS161",
    "CustomerType": "PRIME",
    "CustomerCardNo": "6797767929",
    "TotalAmount": 0,
    "NumberOfItems": 0,
    "PaymentMethod": "CASH",
    "TaxableAmount": 0,
    "CGST": 0,
    "SGST": 0,
    "CESS": 0,
    "DeliveryType": "HOME-DELIVERY"
  },
  {
    "InvoiceNumber": 0,
    "CreatedTime": "0",
    "StoreID": "STR2699",
    "PosID": "POS566",
    "CashierID": "OAS318",
    "CustomerType": "PRIME",
    "CustomerCardNo": "7543202868",
    "TotalAmount": 0,
    "NumberOfItems": 0,
    "PaymentMethod": "CARD",
    "TaxableAmount": 0,
    "CGST": 0,
    "SGST": 0,
    "CESS": 0,
    "DeliveryType": "HOME-DELIVERY"
  },
  {
    "InvoiceNumber": 0,
    "CreatedTime": "0",
    "StoreID": "STR2952",
    "PosID": "POS152",
    "CashierID": "OAS329",
    "CustomerType": "PRIME",
    "CustomerCardNo": "3027514652",
    "TotalAmount": 0,
    "NumberOfItems": 0,
    "PaymentMethod": "CASH",
    "TaxableAmount": 0,
    "CGST": 0,
    "SGST": 0,
    "CESS": 0,
    "DeliveryType": "TAKEAWAY"
  },
  {
    "InvoiceNumber": 0,
    "CreatedTime": "0",
    "StoreID": "STR2952",
    "PosID": "POS351",
    "CashierID": "OAS841",
    "CustomerType": "NONPRIME",
    "CustomerCardNo": "2024774071",
    "TotalAmount": 0,
    "NumberOfItems": 0,
    "PaymentMethod": "CASH",
    "TaxableAmount": 0,
    "CGST": 0,
    "SGST": 0,
    "CESS": 0,
    "DeliveryType": "HOME-DELIVERY"
  },
  {
    "InvoiceNumber": 0,
    "CreatedTime": "0",
    "StoreID": "STR2952",
    "PosID": "POS477",
    "CashierID": "OAS259",
    "CustomerType": "NONPRIME",
    "CustomerCardNo": "3425633108",
    "TotalAmount": 0,
    "NumberOfItems": 0,
    "PaymentMethod": "CASH",
    "TaxableAmount": 0,
    "CGST": 0,
    "SGST": 0,
    "CESS": 0,
    "DeliveryType": "TAKEAWAY"
  },
  {
    "InvoiceNumber": 0,
    "CreatedTime": "0",
    "StoreID": "STR2952",
    "PosID": "POS471",
    "CashierID": "OAS936",
    "CustomerType": "NONPRIME",
    "CustomerCardNo": "9741556539",
    "TotalAmount": 0,
    "NumberOfItems": 0,
    "PaymentMethod": "CASH",
    "TaxableAmount": 0,
    "CGST": 0,
    "SGST": 0,
    "CESS": 0,
    "DeliveryType": "TAKEAWAY"
  },
  {
    "InvoiceNumber": 0,
    "CreatedTime": "0",
    "StoreID": "STR2952",
    "PosID": "POS663",
    "CashierID": "OAS444",
    "CustomerType": "NONPRIME",
    "CustomerCardNo": "7928716562",
    "TotalAmount": 0,
    "NumberOfItems": 0,
    "PaymentMethod": "CASH",
    "TaxableAmount": 0,
    "CGST": 0,
    "SGST": 0,
    "CESS": 0,
    "DeliveryType": "HOME-DELIVERY"
  },
  {
    "InvoiceNumber": 0,
    "CreatedTime": "0",
    "StoreID": "STR3781",
    "PosID": "POS843",
    "CashierID": "OAS685",
    "CustomerType": "NONPRIME",
    "CustomerCardNo": "1191112820",
    "TotalAmount": 0,
    "NumberOfItems": 0,
    "PaymentMethod": "CARD",
    "TaxableAmount": 0,
    "CGST": 0,
    "SGST": 0,
    "CESS": 0,
    "DeliveryType": "HOME-DELIVERY"
  },
  {
    "InvoiceNumber": 0,
    "CreatedTime": "0",
    "StoreID": "STR3781",
    "PosID": "POS444",
    "CashierID": "OAS935",
    "CustomerType": "NONPRIME",
    "CustomerCardNo": "9223558893",
    "TotalAmount": 0,
    "NumberOfItems": 0,
    "PaymentMethod": "CASH",
    "TaxableAmount": 0,
    "CGST": 0,
    "SGST": 0,
    "CESS": 0,
    "DeliveryType": "TAKEAWAY"
  },
  {
    "InvoiceNumber": 0,
    "CreatedTime": "0",
    "StoreID": "STR3781",
    "PosID": "POS129",
    "CashierID": "OAS311",
    "CustomerType": "PRIME",
    "CustomerCardNo": "4692642935",
    "TotalAmount": 0,
    "NumberOfItems": 0,
    "PaymentMethod": "CASH",
    "TaxableAmount": 0,
    "CGST": 0,
    "SGST": 0,
    "CESS": 0,
    "DeliveryType": "HOME-DELIVERY"
  },
  {
    "InvoiceNumber": 0,
    "CreatedTime": "0",
    "StoreID": "STR3781",
    "PosID": "POS494",
    "CashierID": "OAS377",
    "CustomerType": "PRIME",
    "CustomerCardNo": "7892154732",
    "TotalAmount": 0,
    "NumberOfItems": 0,
    "PaymentMethod": "CARD",
    "TaxableAmount": 0,
    "CGST": 0,
    "SGST": 0,
    "CESS": 0,
    "DeliveryType": "HOME-DELIVERY"
  },
  {
    "InvoiceNumber": 0,
    "CreatedTime": "0",
    "StoreID": "STR3781",
    "PosID": "POS978",
    "CashierID": "OAS981",
    "CustomerType": "NONPRIME",
    "CustomerCardNo": "6244229107",
    "TotalAmount": 0,
    "NumberOfItems": 0,
    "PaymentMethod": "CARD",
    "TaxableAmount": 0,
    "CGST": 0,
    "SGST": 0,
    "CESS": 0,
    "DeliveryType": "TAKEAWAY"
  },
  {
    "InvoiceNumber": 0,
    "CreatedTime": "0",
    "StoreID": "STR4899",
    "PosID": "POS584",
    "CashierID": "OAS452",
    "CustomerType": "NONPRIME",
    "CustomerCardNo": "2502121621",
    "TotalAmount": 0,
    "NumberOfItems": 0,
    "PaymentMethod": "CASH",
    "TaxableAmount": 0,
    "CGST": 0,
    "SGST": 0,
    "CESS": 0,
    "DeliveryType": "HOME-DELIVERY"
  },
  {
    "InvoiceNumber": 0,
    "CreatedTime": "0",
    "StoreID": "STR4899",
    "PosID": "POS447",
    "CashierID": "OAS729",
    "CustomerType": "NONPRIME",
    "CustomerCardNo": "5576072500",
    "TotalAmount": 0,
    "NumberOfItems": 0,
    "PaymentMethod": "CARD",
    "TaxableAmount": 0,
    "CGST": 0,
    "SGST": 0,
    "CESS": 0,
    "DeliveryType": "TAKEAWAY"
  },
  {
    "InvoiceNumber": 0,
    "CreatedTime": "0",
    "StoreID": "STR4899",
    "PosID": "POS441",
    "CashierID": "OAS487",
    "CustomerType": "NONPRIME",
    "CustomerCardNo": "4227803954",
    "TotalAmount": 0,
    "NumberOfItems": 0,
    "PaymentMethod": "CASH",
    "TaxableAmount": 0,
    "CGST": 0,
    "SGST": 0,
    "CESS": 0,
    "DeliveryType": "TAKEAWAY"
  },
  {
    "InvoiceNumber": 0,
    "CreatedTime": "0",
    "StoreID": "STR4899",
    "PosID": "POS799",
    "CashierID": "OAS145",
    "CustomerType": "PRIME",
    "CustomerCardNo": "2325763742",
    "TotalAmount": 0,
    "NumberOfItems": 0,
    "PaymentMethod": "CASH",
    "TaxableAmount": 0,
    "CGST": 0,
    "SGST": 0,
    "CESS": 0,
    "DeliveryType": "HOME-DELIVERY"
  },
  {
    "InvoiceNumber": 0,
    "CreatedTime": "0",
    "StoreID": "STR4899",
    "PosID": "POS954",
    "CashierID": "OAS151",
    "CustomerType": "NONPRIME",
    "CustomerCardNo": "3716602332",
    "TotalAmount": 0,
    "NumberOfItems": 0,
    "PaymentMethod": "CASH",
    "TaxableAmount": 0,
    "CGST": 0,
    "SGST": 0,
    "CESS": 0,
    "DeliveryType": "HOME-DELIVERY"
  },
  {
    "InvoiceNumber": 0,
    "CreatedTime": "0",
    "StoreID": "STR5494",
    "PosID": "POS384",
    "CashierID": "OAS398",
    "CustomerType": "NONPRIME",
    "CustomerCardNo": "6048272250",
    "TotalAmount": 0,
    "NumberOfItems": 0,
    "PaymentMethod": "CARD",
    "TaxableAmount": 0,
    "CGST": 0,
    "SGST": 0,
    "CESS": 0,
    "DeliveryType": "HOME-DELIVERY"
  },
  {
    "InvoiceNumber": 0,
    "CreatedTime": "0",
    "StoreID": "STR5494",
    "PosID": "POS121",
    "CashierID": "OAS237",
    "CustomerType": "PRIME",
    "CustomerCardNo": "9509332022",
    "TotalAmount": 0,
    "NumberOfItems": 0,
    "PaymentMethod": "CARD",
    "TaxableAmount": 0,
    "CGST": 0,
    "SGST": 0,
    "CESS": 0,
    "DeliveryType": "TAKEAWAY"
  },
  {
    "InvoiceNumber": 0,
    "CreatedTime": "0",
    "StoreID": "STR5494",
    "PosID": "POS353",
    "CashierID": "OAS969",
    "CustomerType": "NONPRIME",
    "CustomerCardNo": "8189067868",
    "TotalAmount": 0,
    "NumberOfItems": 0,
    "PaymentMethod": "CASH",
    "TaxableAmount": 0,
    "CGST": 0,
    "SGST": 0,
    "CESS": 0,
    "DeliveryType": "TAKEAWAY"
  },
  {
    "InvoiceNumber": 0,
    "CreatedTime": "0",
    "StoreID": "STR5494",
    "PosID": "POS759",
    "CashierID": "OAS796",
    "CustomerType": "NONPRIME",
    "CustomerCardNo": "4937932830",
    "TotalAmount": 0,
    "NumberOfItems": 0,
    "PaymentMethod": "CARD",
    "TaxableAmount": 0,
    "CGST": 0,
    "SGST": 0,
    "CESS": 0,
    "DeliveryType": "HOME-DELIVERY"
  },
  {
    "InvoiceNumber": 0,
    "CreatedTime": "0",
    "StoreID": "STR5494",
    "PosID": "POS722",
    "CashierID": "OAS576",
    "CustomerType": "PRIME",
    "CustomerCardNo": "9724245321",
    "TotalAmount": 0,
    "NumberOfItems": 0,
    "PaymentMethod": "CASH",
    "TaxableAmount": 0,
    "CGST": 0,
    "SGST": 0,
    "CESS": 0,
    "DeliveryType": "HOME-DELIVERY"
  },
  {
    "InvoiceNumber": 0,
    "CreatedTime": "0",
    "StoreID": "STR5646",
    "PosID": "POS968",
    "CashierID": "OAS689",
    "CustomerType": "PRIME",
    "CustomerCardNo": "2220404140",
    "TotalAmount": 0,
    "NumberOfItems": 0,
    "PaymentMethod": "CASH",
    "TaxableAmount": 0,
    "CGST": 0,
    "SGST": 0,
    "CESS": 0,
    "DeliveryType": "HOME-DELIVERY"
  },
  {
    "InvoiceNumber": 0,
    "CreatedTime": "0",
    "StoreID": "STR5646",
    "PosID": "POS639",
    "CashierID": "OAS167",
    "CustomerType": "PRIME",
    "CustomerCardNo": "9711257112",
    "TotalAmount": 0,
    "NumberOfItems": 0,
    "PaymentMethod": "CARD",
    "TaxableAmount": 0,
    "CGST": 0,
    "SGST": 0,
    "CESS": 0,
    "DeliveryType": "HOME-DELIVERY"
  },
  {
    "InvoiceNumber": 0,
    "CreatedTime": "0",
    "StoreID": "STR5646",
    "PosID": "POS624",
    "CashierID": "OAS196",
    "CustomerType": "PRIME",
    "CustomerCardNo": "8109010950",
    "TotalAmount": 0,
    "NumberOfItems": 0,
    "PaymentMethod": "CASH",
    "TaxableAmount": 0,
    "CGST": 0,
    "SGST": 0,
    "CESS": 0,
    "DeliveryType": "TAKEAWAY"
  },
  {
    "InvoiceNumber": 0,
    "CreatedTime": "0",
    "StoreID": "STR5646",
    "PosID": "POS212",
    "CashierID": "OAS284",
    "CustomerType": "NONPRIME",
    "CustomerCardNo": "4226427254",
    "TotalAmount": 0,
    "NumberOfItems": 0,
    "PaymentMethod": "CARD",
    "TaxableAmount": 0,
    "CGST": 0,
    "SGST": 0,
    "CESS": 0,
    "DeliveryType": "HOME-DELIVERY"
  },
  {
    "InvoiceNumber": 0,
    "CreatedTime": "0",
    "StoreID": "STR5646",
    "PosID": "POS543",
    "CashierID": "OAS921",
    "CustomerType": "NONPRIME",
    "CustomerCardNo": "5947487902",
    "TotalAmount": 0,
    "NumberOfItems": 0,
    "PaymentMethod": "CARD",
    "TaxableAmount": 0,
    "CGST": 0,
    "SGST": 0,
    "CESS": 0,
    "DeliveryType": "HOME-DELIVERY"
  },
  {
    "InvoiceNumber": 0,
    "CreatedTime": "0",
    "StoreID": "STR5864",
    "PosID": "POS132",
    "CashierID": "OAS386",
    "CustomerType": "NONPRIME",
    "CustomerCardNo": "6909538460",
    "TotalAmount": 0,
    "NumberOfItems": 0,
    "PaymentMethod": "CASH",
    "TaxableAmount": 0,
    "CGST": 0,
    "SGST": 0,
    "CESS": 0,
    "DeliveryType": "HOME-DELIVERY"
  },
  {
    "InvoiceNumber": 0,
    "CreatedTime": "0",
    "StoreID": "STR5864",
    "PosID": "POS945",
    "CashierID": "OAS649",
    "CustomerType": "PRIME",
    "CustomerCardNo": "5305473526",
    "TotalAmount": 0,
    "NumberOfItems": 0,
    "PaymentMethod": "CARD",
    "TaxableAmount": 0,
    "CGST": 0,
    "SGST": 0,
    "CESS": 0,
    "DeliveryType": "HOME-DELIVERY"
  },
  {
    "InvoiceNumber": 0,
    "CreatedTime": "0",
    "StoreID": "STR5864",
    "PosID": "POS465",
    "CashierID": "OAS582",
    "CustomerType": "NONPRIME",
    "CustomerCardNo": "1211843745",
    "TotalAmount": 0,
    "NumberOfItems": 0,
    "PaymentMethod": "CARD",
    "TaxableAmount": 0,
    "CGST": 0,
    "SGST": 0,
    "CESS": 0,
    "DeliveryType": "TAKEAWAY"
  },
  {
    "InvoiceNumber": 0,
    "CreatedTime": "0",
    "StoreID": "STR5864",
    "PosID": "POS872",
    "CashierID": "OAS287",
    "CustomerType": "PRIME",
    "CustomerCardNo": "7589671731",
    "TotalAmount": 0,
    "NumberOfItems": 0,
    "PaymentMethod": "CASH",
    "TaxableAmount": 0,
    "CGST": 0,
    "SGST": 0,
    "CESS": 0,
    "DeliveryType": "HOME-DELIVERY"
  },
  {
    "InvoiceNumber": 0,
    "CreatedTime": "0",
    "StoreID": "STR5864",
    "PosID": "POS878",
    "CashierID": "OAS219",
    "CustomerType": "NONPRIME",
    "CustomerCardNo": "9728415172",
    "TotalAmount": 0,
    "NumberOfItems": 0,
    "PaymentMethod": "CARD",
    "TaxableAmount": 0,
    "CGST": 0,
    "SGST": 0,
    "CESS": 0,
    "DeliveryType": "TAKEAWAY"
  },
  {
    "InvoiceNumber": 0,
    "CreatedTime": "0",
    "StoreID": "STR6162",
    "PosID": "POS835",
    "CashierID": "OAS583",
    "CustomerType": "NONPRIME",
    "CustomerCardNo": "5611417583",
    "TotalAmount": 0,
    "NumberOfItems": 0,
    "PaymentMethod": "CARD",
    "TaxableAmount": 0,
    "CGST": 0,
    "SGST": 0,
    "CESS": 0,
    "DeliveryType": "TAKEAWAY"
  },
  {
    "InvoiceNumber": 0,
    "CreatedTime": "0",
    "StoreID": "STR6162",
    "PosID": "POS279",
    "CashierID": "OAS964",
    "CustomerType": "PRIME",
    "CustomerCardNo": "2262471989",
    "TotalAmount": 0,
    "NumberOfItems": 0,
    "PaymentMethod": "CASH",
    "TaxableAmount": 0,
    "CGST": 0,
    "SGST": 0,
    "CESS": 0,
    "DeliveryType": "HOME-DELIVERY"
  },
  {
    "InvoiceNumber": 0,
    "CreatedTime": "0",
    "StoreID": "STR6162",
    "PosID": "POS987",
    "CashierID": "OAS795",
    "CustomerType": "NONPRIME",
    "CustomerCardNo": "8071065242",
    "TotalAmount": 0,
    "NumberOfItems": 0,
    "PaymentMethod": "CASH",
    "TaxableAmount": 0,
    "CGST": 0,
    "SGST": 0,
    "CESS": 0,
    "DeliveryType": "TAKEAWAY"
  },
  {
    "InvoiceNumber": 0,
    "CreatedTime": "0",
    "StoreID": "STR6162",
    "PosID": "POS868",
    "CashierID": "OAS172",
    "CustomerType": "NONPRIME",
    "CustomerCardNo": "9282685191",
    "TotalAmount": 0,
    "NumberOfItems": 0,
    "PaymentMethod": "CARD",
    "TaxableAmount": 0,
    "CGST": 0,
    "SGST": 0,
    "CESS": 0,
    "DeliveryType": "HOME-DELIVERY"
  },
  {
    "InvoiceNumber": 0,
    "CreatedTime": "0",
    "StoreID": "STR6162",
    "PosID": "POS431",
    "CashierID": "OAS139",
    "CustomerType": "NONPRIME",
    "CustomerCardNo": "8651346374",
    "TotalAmount": 0,
    "NumberOfItems": 0,
    "PaymentMethod": "CARD",
    "TaxableAmount": 0,
    "CGST": 0,
    "SGST": 0,
    "CESS": 0,
    "DeliveryType": "HOME-DELIVERY"
  },
  {
    "InvoiceNumber": 0,
    "CreatedTime": "0",
    "StoreID": "STR6347",
    "PosID": "POS622",
    "CashierID": "OAS793",
    "CustomerType": "PRIME",
    "CustomerCardNo": "5697125813",
    "TotalAmount": 0,
    "NumberOfItems": 0,
    "PaymentMethod": "CARD",
    "TaxableAmount": 0,
    "CGST": 0,
    "SGST": 0,
    "CESS": 0,
    "DeliveryType": "HOME-DELIVERY"
  },
  {
    "InvoiceNumber": 0,
    "CreatedTime": "0",
    "StoreID": "STR6347",
    "PosID": "POS927",
    "CashierID": "OAS186",
    "CustomerType": "NONPRIME",
    "CustomerCardNo": "3996109634",
    "TotalAmount": 0,
    "NumberOfItems": 0,
    "PaymentMethod": "CARD",
    "TaxableAmount": 0,
    "CGST": 0,
    "SGST": 0,
    "CESS": 0,
    "DeliveryType": "HOME-DELIVERY"
  },
  {
    "InvoiceNumber": 0,
    "CreatedTime": "0",
    "StoreID": "STR6347",
    "PosID": "POS994",
    "CashierID": "OAS274",
    "CustomerType": "PRIME",
    "CustomerCardNo": "6296964163",
    "TotalAmount": 0,
    "NumberOfItems": 0,
    "PaymentMethod": "CASH",
    "TaxableAmount": 0,
    "CGST": 0,
    "SGST": 0,
    "CESS": 0,
    "DeliveryType": "TAKEAWAY"
  },
  {
    "InvoiceNumber": 0,
    "CreatedTime": "0",
    "StoreID": "STR6347",
    "PosID": "POS333",
    "CashierID": "OAS697",
    "CustomerType": "NONPRIME",
    "CustomerCardNo": "9740604930",
    "TotalAmount": 0,
    "NumberOfItems": 0,
    "PaymentMethod": "CARD",
    "TaxableAmount": 0,
    "CGST": 0,
    "SGST": 0,
    "CESS": 0,
    "DeliveryType": "HOME-DELIVERY"
  },
  {
    "InvoiceNumber": 0,
    "CreatedTime": "0",
    "StoreID": "STR6347",
    "PosID": "POS856",
    "CashierID": "OAS128",
    "CustomerType": "NONPRIME",
    "CustomerCardNo": "5724653917",
    "TotalAmount": 0,
    "NumberOfItems": 0,
    "PaymentMethod": "CASH",
    "TaxableAmount": 0,
    "CGST": 0,
    "SGST": 0,
    "CESS": 0,
    "DeliveryType": "TAKEAWAY"
  },
  {
    "InvoiceNumber": 0,
    "CreatedTime": "0",
    "StoreID": "STR6382",
    "PosID": "POS661",
    "CashierID": "OAS597",
    "CustomerType": "PRIME",
    "CustomerCardNo": "7115250228",
    "TotalAmount": 0,
    "NumberOfItems": 0,
    "PaymentMethod": "CASH",
    "TaxableAmount": 0,
    "CGST": 0,
    "SGST": 0,
    "CESS": 0,
    "DeliveryType": "TAKEAWAY"
  },
  {
    "InvoiceNumber": 0,
    "CreatedTime": "0",
    "StoreID": "STR6382",
    "PosID": "POS145",
    "CashierID": "OAS872",
    "CustomerType": "PRIME",
    "CustomerCardNo": "6733153948",
    "TotalAmount": 0,
    "NumberOfItems": 0,
    "PaymentMethod": "CARD",
    "TaxableAmount": 0,
    "CGST": 0,
    "SGST": 0,
    "CESS": 0,
    "DeliveryType": "HOME-DELIVERY"
  },
  {
    "InvoiceNumber": 0,
    "CreatedTime": "0",
    "StoreID": "STR6382",
    "PosID": "POS265",
    "CashierID": "OAS328",
    "CustomerType": "PRIME",
    "CustomerCardNo": "7908234230",
    "TotalAmount": 0,
    "NumberOfItems": 0,
    "PaymentMethod": "CASH",
    "TaxableAmount": 0,
    "CGST": 0,
    "SGST": 0,
    "CESS": 0,
    "DeliveryType": "HOME-DELIVERY"
  },
  {
    "InvoiceNumber": 0,
    "CreatedTime": "0",
    "StoreID": "STR6382",
    "PosID": "POS968",
    "CashierID": "OAS687",
    "CustomerType": "PRIME",
    "CustomerCardNo": "4148565252",
    "TotalAmount": 0,
    "NumberOfItems": 0,
    "PaymentMethod": "CASH",
    "TaxableAmount": 0,
    "CGST": 0,
    "SGST": 0,
    "CESS": 0,
    "DeliveryType": "HOME-DELIVERY"
  },
  {
    "InvoiceNumber": 0,
    "CreatedTime": "0",
    "StoreID": "STR6382",
    "PosID": "POS851",
    "CashierID": "OAS351",
    "CustomerType": "NONPRIME",
    "CustomerCardNo": "8110266676",
    "TotalAmount": 0,
    "NumberOfItems": 0,
    "PaymentMethod": "CARD",
    "TaxableAmount": 0,
    "CGST": 0,
    "SGST": 0,
    "CESS": 0,
    "DeliveryType": "TAKEAWAY"
  },
  {
    "InvoiceNumber": 0,
    "CreatedTime": "0",
    "StoreID": "STR7188",
    "PosID": "POS682",
    "CashierID": "OAS394",
    "CustomerType": "NONPRIME",
    "CustomerCardNo": "1489226224",
    "TotalAmount": 0,
    "NumberOfItems": 0,
    "PaymentMethod": "CASH",
    "TaxableAmount": 0,
    "CGST": 0,
    "SGST": 0,
    "CESS": 0,
    "DeliveryType": "TAKEAWAY"
  },
  {
    "InvoiceNumber": 0,
    "CreatedTime": "0",
    "StoreID": "STR7188",
    "PosID": "POS198",
    "CashierID": "OAS199",
    "CustomerType": "PRIME",
    "CustomerCardNo": "5733357005",
    "TotalAmount": 0,
    "NumberOfItems": 0,
    "PaymentMethod": "CARD",
    "TaxableAmount": 0,
    "CGST": 0,
    "SGST": 0,
    "CESS": 0,
    "DeliveryType": "HOME-DELIVERY"
  },
  {
    "InvoiceNumber": 0,
    "CreatedTime": "0",
    "StoreID": "STR7188",
    "PosID": "POS956",
    "CashierID": "OAS134",
    "CustomerType": "PRIME",
    "CustomerCardNo": "4629185211",
    "TotalAmount": 0,
    "NumberOfItems": 0,
    "PaymentMethod": "CARD",
    "TaxableAmount": 0,
    "CGST": 0,
    "SGST": 0,
    "CESS": 0,
    "DeliveryType": "TAKEAWAY"
  },
  {
    "InvoiceNumber": 0,
    "CreatedTime": "0",
    "StoreID": "STR7188",
    "PosID": "POS664",
    "CashierID": "OAS971",
    "CustomerType": "PRIME",
    "CustomerCardNo": "9316477281",
    "TotalAmount": 0,
    "NumberOfItems": 0,
    "PaymentMethod": "CARD",
    "TaxableAmount": 0,
    "CGST": 0,
    "SGST": 0,
    "CESS": 0,
    "DeliveryType": "HOME-DELIVERY"
  },
  {
    "InvoiceNumber": 0,
    "CreatedTime": "0",
    "StoreID": "STR7188",
    "PosID": "POS825",
    "CashierID": "OAS329",
    "CustomerType": "PRIME",
    "CustomerCardNo": "7051101351",
    "TotalAmount": 0,
    "NumberOfItems": 0,
    "PaymentMethod": "CASH",
    "TaxableAmount": 0,
    "CGST": 0,
    "SGST": 0,
    "CESS": 0,
    "DeliveryType": "HOME-DELIVERY"
  },
  {
    "InvoiceNumber": 0,
    "CreatedTime": "0",
    "StoreID": "STR7255",
    "PosID": "POS626",
    "CashierID": "OAS437",
    "CustomerType": "PRIME",
    "CustomerCardNo": "2602353115",
    "TotalAmount": 0,
    "NumberOfItems": 0,
    "PaymentMethod": "CARD",
    "TaxableAmount": 0,
    "CGST": 0,
    "SGST": 0,
    "CESS": 0,
    "DeliveryType": "TAKEAWAY"
  },
  {
    "InvoiceNumber": 0,
    "CreatedTime": "0",
    "StoreID": "STR7255",
    "PosID": "POS115",
    "CashierID": "OAS634",
    "CustomerType": "PRIME",
    "CustomerCardNo": "1682244797",
    "TotalAmount": 0,
    "NumberOfItems": 0,
    "PaymentMethod": "CASH",
    "TaxableAmount": 0,
    "CGST": 0,
    "SGST": 0,
    "CESS": 0,
    "DeliveryType": "HOME-DELIVERY"
  },
  {
    "InvoiceNumber": 0,
    "CreatedTime": "0",
    "StoreID": "STR7255",
    "PosID": "POS866",
    "CashierID": "OAS244",
    "CustomerType": "PRIME",
    "CustomerCardNo": "5432615113",
    "TotalAmount": 0,
    "NumberOfItems": 0,
    "PaymentMethod": "CASH",
    "TaxableAmount": 0,
    "CGST": 0,
    "SGST": 0,
    "CESS": 0,
    "DeliveryType": "TAKEAWAY"
  },
  {
    "InvoiceNumber": 0,
    "CreatedTime": "0",
    "StoreID": "STR7255",
    "PosID": "POS692",
    "CashierID": "OAS812",
    "CustomerType": "NONPRIME",
    "CustomerCardNo": "8891304816",
    "TotalAmount": 0,
    "NumberOfItems": 0,
    "PaymentMethod": "CASH",
    "TaxableAmount": 0,
    "CGST": 0,
    "SGST": 0,
    "CESS": 0,
    "DeliveryType": "TAKEAWAY"
  },
  {
    "InvoiceNumber": 0,
    "CreatedTime": "0",
    "StoreID": "STR7255",
    "PosID": "POS738",
    "CashierID": "OAS349",
    "CustomerType": "NONPRIME",
    "CustomerCardNo": "8582181693",
    "TotalAmount": 0,
    "NumberOfItems": 0,
    "PaymentMethod": "CASH",
    "TaxableAmount": 0,
    "CGST": 0,
    "SGST": 0,
    "CESS": 0,
    "DeliveryType": "TAKEAWAY"
  },
  {
    "InvoiceNumber": 0,
    "CreatedTime": "0",
    "StoreID": "STR7262",
    "PosID": "POS581",
    "CashierID": "OAS742",
    "CustomerType": "NONPRIME",
    "CustomerCardNo": "6218924818",
    "TotalAmount": 0,
    "NumberOfItems": 0,
    "PaymentMethod": "CARD",
    "TaxableAmount": 0,
    "CGST": 0,
    "SGST": 0,
    "CESS": 0,
    "DeliveryType": "TAKEAWAY"
  },
  {
    "InvoiceNumber": 0,
    "CreatedTime": "0",
    "StoreID": "STR7262",
    "PosID": "POS576",
    "CashierID": "OAS819",
    "CustomerType": "NONPRIME",
    "CustomerCardNo": "2016894106",
    "TotalAmount": 0,
    "NumberOfItems": 0,
    "PaymentMethod": "CARD",
    "TaxableAmount": 0,
    "CGST": 0,
    "SGST": 0,
    "CESS": 0,
    "DeliveryType": "TAKEAWAY"
  },
  {
    "InvoiceNumber": 0,
    "CreatedTime": "0",
    "StoreID": "STR7262",
    "PosID": "POS664",
    "CashierID": "OAS536",
    "CustomerType": "NONPRIME",
    "CustomerCardNo": "2954913332",
    "TotalAmount": 0,
    "NumberOfItems": 0,
    "PaymentMethod": "CARD",
    "TaxableAmount": 0,
    "CGST": 0,
    "SGST": 0,
    "CESS": 0,
    "DeliveryType": "HOME-DELIVERY"
  },
  {
    "InvoiceNumber": 0,
    "CreatedTime": "0",
    "StoreID": "STR7262",
    "PosID": "POS733",
    "CashierID": "OAS959",
    "CustomerType": "PRIME",
    "CustomerCardNo": "1518460232",
    "TotalAmount": 0,
    "NumberOfItems": 0,
    "PaymentMethod": "CASH",
    "TaxableAmount": 0,
    "CGST": 0,
    "SGST": 0,
    "CESS": 0,
    "DeliveryType": "TAKEAWAY"
  },
  {
    "InvoiceNumber": 0,
    "CreatedTime": "0",
    "StoreID": "STR7262",
    "PosID": "POS182",
    "CashierID": "OAS538",
    "CustomerType": "PRIME",
    "CustomerCardNo": "5378825053",
    "TotalAmount": 0,
    "NumberOfItems": 0,
    "PaymentMethod": "CASH",
    "TaxableAmount": 0,
    "CGST": 0,
    "SGST": 0,
    "CESS": 0,
    "DeliveryType": "HOME-DELIVERY"
  },
  {
    "InvoiceNumber": 0,
    "CreatedTime": "1570745999",
    "StoreID": "STR7443",
    "PosID": "POS411",
    "CashierID": "OAS936",
    "CustomerType": "NONPRIME",
    "CustomerCardNo": "4369698403",
    "TotalAmount": 0,
    "NumberOfItems": 0,
    "PaymentMethod": "CARD",
    "TaxableAmount": 0,
    "CGST": 0,
    "SGST": 0,
    "CESS": 0,
    "DeliveryType": "HOME-DELIVERY"
  },
  {
    "InvoiceNumber": 0,
    "CreatedTime": "0",
    "StoreID": "STR7443",
    "PosID": "POS365",
    "CashierID": "OAS845",
    "CustomerType": "PRIME",
    "CustomerCardNo": "8790333340",
    "TotalAmount": 0,
    "NumberOfItems": 0,
    "PaymentMethod": "CASH",
    "TaxableAmount": 0,
    "CGST": 0,
    "SGST": 0,
    "CESS": 0,
    "DeliveryType": "HOME-DELIVERY"
  },
  {
    "InvoiceNumber": 0,
    "CreatedTime": "0",
    "StoreID": "STR7443",
    "PosID": "POS394",
    "CashierID": "OAS813",
    "CustomerType": "NONPRIME",
    "CustomerCardNo": "7587821520",
    "TotalAmount": 0,
    "NumberOfItems": 0,
    "PaymentMethod": "CASH",
    "TaxableAmount": 0,
    "CGST": 0,
    "SGST": 0,
    "CESS": 0,
    "DeliveryType": "TAKEAWAY"
  },
  {
    "InvoiceNumber": 0,
    "CreatedTime": "0",
    "StoreID": "STR7443",
    "PosID": "POS333",
    "CashierID": "OAS883",
    "CustomerType": "NONPRIME",
    "CustomerCardNo": "5483488802",
    "TotalAmount": 0,
    "NumberOfItems": 0,
    "PaymentMethod": "CASH",
    "TaxableAmount": 0,
    "CGST": 0,
    "SGST": 0,
    "CESS": 0,
    "DeliveryType": "HOME-DELIVERY"
  },
  {
    "InvoiceNumber": 0,
    "CreatedTime": "0",
    "StoreID": "STR7443",
    "PosID": "POS388",
    "CashierID": "OAS436",
    "CustomerType": "PRIME",
    "CustomerCardNo": "8714158103",
    "TotalAmount": 0,
    "NumberOfItems": 0,
    "PaymentMethod": "CASH",
    "TaxableAmount": 0,
    "CGST": 0,
    "SGST": 0,
    "CESS": 0,
    "DeliveryType": "HOME-DELIVERY"
  },
  {
    "InvoiceNumber": 0,
    "CreatedTime": "0",
    "StoreID": "STR7449",
    "PosID": "POS351",
    "CashierID": "OAS487",
    "CustomerType": "NONPRIME",
    "CustomerCardNo": "9639928743",
    "TotalAmount": 0,
    "NumberOfItems": 0,
    "PaymentMethod": "CASH",
    "TaxableAmount": 0,
    "CGST": 0,
    "SGST": 0,
    "CESS": 0,
    "DeliveryType": "TAKEAWAY"
  },
  {
    "InvoiceNumber": 0,
    "CreatedTime": "0",
    "StoreID": "STR7449",
    "PosID": "POS923",
    "CashierID": "OAS748",
    "CustomerType": "NONPRIME",
    "CustomerCardNo": "1422009832",
    "TotalAmount": 0,
    "NumberOfItems": 0,
    "PaymentMethod": "CARD",
    "TaxableAmount": 0,
    "CGST": 0,
    "SGST": 0,
    "CESS": 0,
    "DeliveryType": "HOME-DELIVERY"
  },
  {
    "InvoiceNumber": 0,
    "CreatedTime": "0",
    "StoreID": "STR7449",
    "PosID": "POS423",
    "CashierID": "OAS733",
    "CustomerType": "PRIME",
    "CustomerCardNo": "7691699125",
    "TotalAmount": 0,
    "NumberOfItems": 0,
    "PaymentMethod": "CASH",
    "TaxableAmount": 0,
    "CGST": 0,
    "SGST": 0,
    "CESS": 0,
    "DeliveryType": "HOME-DELIVERY"
  },
  {
    "InvoiceNumber": 0,
    "CreatedTime": "0",
    "StoreID": "STR7449",
    "PosID": "POS215",
    "CashierID": "OAS663",
    "CustomerType": "PRIME",
    "CustomerCardNo": "3453134392",
    "TotalAmount": 0,
    "NumberOfItems": 0,
    "PaymentMethod": "CARD",
    "TaxableAmount": 0,
    "CGST": 0,
    "SGST": 0,
    "CESS": 0,
    "DeliveryType": "HOME-DELIVERY"
  },
  {
    "InvoiceNumber": 0,
    "CreatedTime": "0",
    "StoreID": "STR7449",
    "PosID": "POS728",
    "CashierID": "OAS323",
    "CustomerType": "PRIME",
    "CustomerCardNo": "5301477438",
    "TotalAmount": 0,
    "NumberOfItems": 0,
    "PaymentMethod": "CASH",
    "TaxableAmount": 0,
    "CGST": 0,
    "SGST": 0,
    "CESS": 0,
    "DeliveryType": "TAKEAWAY"
  },
  {
    "InvoiceNumber": 0,
    "CreatedTime": "0",
    "StoreID": "STR8311",
    "PosID": "POS975",
    "CashierID": "OAS881",
    "CustomerType": "NONPRIME",
    "CustomerCardNo": "4680751410",
    "TotalAmount": 0,
    "NumberOfItems": 0,
    "PaymentMethod": "CARD",
    "TaxableAmount": 0,
    "CGST": 0,
    "SGST": 0,
    "CESS": 0,
    "DeliveryType": "TAKEAWAY"
  },
  {
    "InvoiceNumber": 0,
    "CreatedTime": "0",
    "StoreID": "STR8311",
    "PosID": "POS377",
    "CashierID": "OAS478",
    "CustomerType": "NONPRIME",
    "CustomerCardNo": "8670468851",
    "TotalAmount": 0,
    "NumberOfItems": 0,
    "PaymentMethod": "CASH",
    "TaxableAmount": 0,
    "CGST": 0,
    "SGST": 0,
    "CESS": 0,
    "DeliveryType": "TAKEAWAY"
  },
  {
    "InvoiceNumber": 0,
    "CreatedTime": "0",
    "StoreID": "STR8311",
    "PosID": "POS728",
    "CashierID": "OAS852",
    "CustomerType": "PRIME",
    "CustomerCardNo": "8490473378",
    "TotalAmount": 0,
    "NumberOfItems": 0,
    "PaymentMethod": "CASH",
    "TaxableAmount": 0,
    "CGST": 0,
    "SGST": 0,
    "CESS": 0,
    "DeliveryType": "HOME-DELIVERY"
  },
  {
    "InvoiceNumber": 0,
    "CreatedTime": "0",
    "StoreID": "STR8311",
    "PosID": "POS935",
    "CashierID": "OAS755",
    "CustomerType": "NONPRIME",
    "CustomerCardNo": "5196911608",
    "TotalAmount": 0,
    "NumberOfItems": 0,
    "PaymentMethod": "CARD",
    "TaxableAmount": 0,
    "CGST": 0,
    "SGST": 0,
    "CESS": 0,
    "DeliveryType": "TAKEAWAY"
  },
  {
    "InvoiceNumber": 0,
    "CreatedTime": "0",
    "StoreID": "STR8311",
    "PosID": "POS224",
    "CashierID": "OAS399",
    "CustomerType": "NONPRIME",
    "CustomerCardNo": "2989852024",
    "TotalAmount": 0,
    "NumberOfItems": 0,
    "PaymentMethod": "CASH",
    "TaxableAmount": 0,
    "CGST": 0,
    "SGST": 0,
    "CESS": 0,
    "DeliveryType": "TAKEAWAY"
  },
  {
    "InvoiceNumber": 0,
    "CreatedTime": "0",
    "StoreID": "STR8513",
    "PosID": "POS881",
    "CashierID": "OAS354",
    "CustomerType": "NONPRIME",
    "CustomerCardNo": "2599848717",
    "TotalAmount": 0,
    "NumberOfItems": 0,
    "PaymentMethod": "CARD",
    "TaxableAmount": 0,
    "CGST": 0,
    "SGST": 0,
    "CESS": 0,
    "DeliveryType": "TAKEAWAY"
  },
  {
    "InvoiceNumber": 0,
    "CreatedTime": "0",
    "StoreID": "STR8513",
    "PosID": "POS155",
    "CashierID": "OAS558",
    "CustomerType": "NONPRIME",
    "CustomerCardNo": "2389018842",
    "TotalAmount": 0,
    "NumberOfItems": 0,
    "PaymentMethod": "CASH",
    "TaxableAmount": 0,
    "CGST": 0,
    "SGST": 0,
    "CESS": 0,
    "DeliveryType": "HOME-DELIVERY"
  },
  {
    "InvoiceNumber": 0,
    "CreatedTime": "0",
    "StoreID": "STR8513",
    "PosID": "POS582",
    "CashierID": "OAS212",
    "CustomerType": "PRIME",
    "CustomerCardNo": "6705218300",
    "TotalAmount": 0,
    "NumberOfItems": 0,
    "PaymentMethod": "CASH",
    "TaxableAmount": 0,
    "CGST": 0,
    "SGST": 0,
    "CESS": 0,
    "DeliveryType": "TAKEAWAY"
  },
  {
    "InvoiceNumber": 0,
    "CreatedTime": "0",
    "StoreID": "STR8513",
    "PosID": "POS163",
    "CashierID": "OAS961",
    "CustomerType": "PRIME",
    "CustomerCardNo": "2762345282",
    "TotalAmount": 0,
    "NumberOfItems": 0,
    "PaymentMethod": "CARD",
    "TaxableAmount": 0,
    "CGST": 0,
    "SGST": 0,
    "CESS": 0,
    "DeliveryType": "HOME-DELIVERY"
  },
  {
    "InvoiceNumber": 0,
    "CreatedTime": "0",
    "StoreID": "STR8513",
    "PosID": "POS311",
    "CashierID": "OAS845",
    "CustomerType": "NONPRIME",
    "CustomerCardNo": "8111613552",
    "TotalAmount": 0,
    "NumberOfItems": 0,
    "PaymentMethod": "CASH",
    "TaxableAmount": 0,
    "CGST": 0,
    "SGST": 0,
    "CESS": 0,
    "DeliveryType": "TAKEAWAY"
  }
]