{
  "type":"object",
  "javaType" : "guru.learningjournal.kafka.examples.StockData",
  "properties": {
    "symbol": {
      "type": "string"
    },
    "series": {
      "type": "string"
    },
    "open": {
      "type": "string"
    },
    "high": {
      "type": "number"
    },
    "low": {
      "type": "number"
    },
    "close": {
      "type": "number"
    },
    "last": {
      "type": "number"
    },
    "previousClose": {
      "type": "number"
    },
    "totalTradedQty": {
      "type": "number"
    },
    "totalTradedVal": {
      "type": "number"
    },
    "tradeDate": {
      "type": "number",
      "format":"date-time",
      "customDateTimePattern" : "dd-MMM-yyyy",
      "customTimezone": "IST"
    },
    "totalTrades": {
      "type": "number"
    },
    "isinCode": {
      "type": "string"
    }
  }
}